Workbook

Sheet 学科映射关系
A1: 序号 | B1: 门类代码 | C1: 学科门类 | D1: 一级学科代码 | E1: 一级学科名称 | F1: 目录年度 | G1: 软科世界一流学科对应名称 | H1: QS对应的学科名称 | I1: U.S.NEWS学科排名对应名称 | J1: THE对应领域
A2: 1 | B2: 01 | C2: 哲学 | D2: 0101 | E2: 哲学 | F2: 2022 | H2: 哲学 | J2: 艺术与人文
A3: 2 | B3: 01 | C3: 哲学 | D3: 0151 | E3: 应用伦理 | F3: 2022
A4: 3 | B4: 02 | C4: 经济学 | D4: 0201 | E4: 理论经济学 | F4: 2022 | G4: 经济学 | H4: 发展研究 | I4: 商业与经济 | J4: 商业与经济
A5: 4 | B5: 02 | C5: 经济学 | D5: 0202 | E5: 应用经济学 | F5: 2022 | G5: 金融学、经济学 | H5: 经济与计量经济学 | I5: 商业与经济 | J5: 商业与经济
A6: 5 | B6: 02 | C6: 经济学 | D6: 0251 | E6: 金融 | F6: 2022
A7: 6 | B7: 02 | C7: 经济学 | D7: 0252 | E7: 应用统计 | F7: 2022
A8: 7 | B8: 02 | C8: 经济学 | D8: 0253 | E8: 税务 | F8: 2022
A9: 8 | B9: 02 | C9: 经济学 | D9: 0254 | E9: 国际商务 | F9: 2022
A10: 9 | B10: 02 | C10: 经济学 | D10: 0255 | E10: 保险 | F10: 2022
A11: 10 | B11: 02 | C11: 经济学 | D11: 0256 | E11: 资产评估 | F11: 2022
A12: 11 | B12: 02 | C12: 经济学 | D12: 0258 | E12: 数字经济 | F12: 2022
A13: 12 | B13: 03 | C13: 法学 | D13: 0301 | E13: 法学 | F13: 2022 | G13: 法学 | H13: 法律与法律研究 | J13: 法学
A14: 13 | B14: 03 | C14: 法学 | D14: 0302 | E14: 政治学 | F14: 2022 | G14: 政治学 | H14: 政治学 | J14: 社会科学
A15: 14 | B15: 03 | C15: 法学 | D15: 0303 | E15: 社会学 | F15: 2022 | G15: 社会学 | H15: 社会学 | J15: 社会科学
A16: 15 | B16: 03 | C16: 法学 | D16: 0304 | E16: 民族学 | F16: 2022 | J16: 社会科学
A17: 16 | B17: 03 | C17: 法学 | D17: 0305 | E17: 马克思主义理论 | F17: 2022
A18: 17 | B18: 03 | C18: 法学 | D18: 0306 | E18: 公安学 | F18: 2022
A19: 18 | B19: 03 | C19: 法学 | D19: 0307 | E19: 中共党史党建学 | F19: 2022
A20: 19 | B20: 03 | C20: 法学 | D20: 0308 | E20: 纪检监察学 | F20: 2022
A21: 20 | B21: 03 | C21: 法学 | D21: 0351 | E21: 法律 | F21: 2022
A22: 21 | B22: 03 | C22: 法学 | D22: 0352 | E22: 社会工作 | F22: 2022
A23: 22 | B23: 03 | C23: 法学 | D23: 0353 | E23: 警务 | F23: 2022
A24: 23 | B24: 03 | C24: 法学 | D24: 0354 | E24: 知识产权 | F24: 2022
A25: 24 | B25: 03 | C25: 法学 | D25: 0355 | E25: 国际事务 | F25: 2022
A26: 25 | B26: 04 | C26: 教育学 | D26: 0401 | E26: 教育学 | F26: 2022 | G26: 教育学 | H26: 教育与培训 | I26: 教育学和教育研究 | J26: 教育学
A27: 26 | B27: 04 | C27: 教育学 | D27: 0402 | E27: 心理学 | F27: 2022 | G27: 心理学 | H27: 心理学 | I27: 精神病学与心理学 | J27: 心理学
A28: 27 | B28: 04 | C28: 教育学 | D28: 0403 | E28: 体育学 | F28: 2022 | H28: 体育相关学科
A29: 28 | B29: 04 | C29: 教育学 | D29: 0451 | E29: 教育 | F29: 2022 | J29: 教育学
A30: 29 | B30: 04 | C30: 教育学 | D30: 0452 | E30: 体育 | F30: 2022
A31: 30 | B31: 04 | C31: 教育学 | D31: 0453 | E31: 国际中文教育 | F31: 2022
A32: 31 | B32: 04 | C32: 教育学 | D32: 0454 | E32: 应用心理 | F32: 2022 | J32: 心理学
A33: 32 | B33: 05 | C33: 文学 | D33: 0501 | E33: 中国语言文学 | F33: 2022 | I33: 艺术与人文 | J33: 艺术与人文
A34: 33 | B34: 05 | C34: 文学 | D34: 0502 | E34: 外国语言文学 | F34: 2022 | H34: 现代语言文学 | I34: 艺术与人文 | J34: 艺术与人文
A35: 34 | B35: 05 | C35: 文学 | D35: 0503 | E35: 新闻传播学 | F35: 2022 | G35: 新闻传播学 | H35: 传播与媒体研究 | J35: 社会科学
A36: 35 | B36: 05 | C36: 文学 | D36: 0551 | E36: 翻译 | F36: 2022
A37: 36 | B37: 05 | C37: 文学 | D37: 0552 | E37: 新闻与传播 | F37: 2022
A38: 37 | B38: 05 | C38: 文学 | D38: 0553 | E38: 出版 | F38: 2022
A39: 38 | B39: 06 | C39: 历史学 | D39: 0601 | E39: 考古学 | F39: 2022 | H39: 考古学 | J39: 艺术与人文
A40: 39 | B40: 06 | C40: 历史学 | D40: 0602 | E40: 中国史 | F40: 2022 | J40: 艺术与人文
A41: 40 | B41: 06 | C41: 历史学 | D41: 0603 | E41: 世界史 | F41: 2022 | J41: 艺术与人文
A42: 41 | B42: 06 | C42: 历史学 | D42: 0651 | E42: 博物馆 | F42: 2022
A43: 42 | B43: 07 | C43: 理学 | D43: 0701 | E43: 数学 | F43: 2022 | G43: 数学 | H43: 数学 | I43: 数学 | J43: 物理学
A44: 43 | B44: 07 | C44: 理学 | D44: 0702 | E44: 物理学 | F44: 2022 | G44: 物理学 | H44: 物理与天文学 | I44: 物理学 凝聚态物理学 | J44: 物理学
A45: 44 | B45: 07 | C45: 理学 | D45: 0703 | E45: 化学 | F45: 2022 | G45: 化学 | H45: 化学，化学工程 | I45: 物理化学 化学工程 化学 | J45: 物理学
A46: 45 | B46: 07 | C46: 理学 | D46: 0704 | E46: 天文学 | F46: 2022 | I46: 空间科学 | J46: 物理学
A47: 46 | B47: 07 | C47: 理学 | D47: 0705 | E47: 地理学 | F47: 2022 | G47: 地理学 | H47: 地理学 | J47: 物理学
A48: 47 | B48: 07 | C48: 理学 | D48: 0706 | E48: 大气科学 | F48: 2022 | G48: 大气科学 | I48: 气象学和大气科学 | J48: 物理学
A49: 48 | B49: 07 | C49: 理学 | D49: 0707 | E49: 海洋科学 | F49: 2022 | G49: 海洋科学 | H49: 地球与海洋科学 | I49: 海洋与淡水生物学 | J49: 物理学
A50: 49 | B50: 07 | C50: 理学 | D50: 0708 | E50: 地球物理学 | F50: 2022 | G50: 地球科学 | H50: 地球物理学 | I50: 地球科学 | J50: 物理学
A51: 50 | B51: 07 | C51: 理学 | D51: 0709 | E51: 地质学 | F51: 2022 | G51: 地球科学 | H51: 地质学 | I51: 地球科学 | J51: 工学
A52: 51 | B52: 07 | C52: 理学 | D52: 0710 | E52: 生物学 | F52: 2022 | G52: 生物学 | H52: 生物科学 | I52: 植物与动物科学 细胞生物学 微生物学 生物学与生物化学 生物技术应用微生物学 分子生物与遗传 | J52: 物理学
A53: 52 | B53: 07 | C53: 理学 | D53: 0711 | E53: 系统科学 | F53: 2022
A54: 53 | B54: 07 | C54: 理学 | D54: 0712 | E54: 科学技术史 | F54: 2022
A55: 54 | B55: 07 | C55: 理学 | D55: 0713 | E55: 生态学 | F55: 2022 | G55: 生态学 | I55: 生态学 | J55: 生命科学
A56: 55 | B56: 07 | C56: 理学 | D56: 0714 | E56: 统计学 | F56: 2022 | G56: 统计学
A57: 56 | B57: 07 | C57: 理学 | D57: 0751 | E57: 气象 | F57: 2022
A58: 57 | B58: 08 | C58: 工学 | D58: 0801 | E58: 力学 | F58: 2022 | J58: 工程
A59: 58 | B59: 08 | C59: 工学 | D59: 0802 | E59: 机械工程 | F59: 2022 | G59: 机械工程 | H59: 机械工程 | I59: 机械工程 | J59: 工程
A60: 59 | B60: 08 | C60: 工学 | D60: 0803 | E60: 光学工程 | F60: 2022 | I60: 光学 | J60: 工程
A61: 60 | B61: 08 | C61: 工学 | D61: 0804 | E61: 仪器科学与技术 | F61: 2022 | G61: 仪器科学 | J61: 工程
A62: 61 | B62: 08 | C62: 工学 | D62: 0805 | E62: 材料科学与工程 | F62: 2022 | G62: 材料科学与工程 | H62: 材料科学 | I62: 材料科学、高分子科学 | J62: 工程
A63: 62 | B63: 08 | C63: 工学 | D63: 0806 | E63: 冶金工程 | F63: 2022 | G63: 冶金工程 | J63: 工程
A64: 63 | B64: 08 | C64: 工学 | D64: 0807 | E64: 动力工程及工程热物理 | F64: 2022 | G64: 能源科学与工程 | I64: 能源和燃料 | J64: 工程
A65: 64 | B65: 08 | C65: 工学 | D65: 0808 | E65: 电气工程 | F65: 2022 | G65: 电力电子工程 | H65: 电子电气工程 | I65: 电气与电子工程 | J65: 工程
A66: 65 | B66: 08 | C66: 工学 | D66: 0809 | E66: 电子科学与技术 | F66: 2022 | G66: 电力电子工程 | I66: 电气与电子工程 | J66: 工程
A67: 66 | B67: 08 | C67: 工学 | D67: 0810 | E67: 信息与通信工程 | F67: 2022 | G67: 通信工程 | H67: 电子电气工程 | J67: 工程
A68: 67 | B68: 08 | C68: 工学 | D68: 0811 | E68: 控制科学与工程 | F68: 2022 | G68: 控制科学与工程 | H68: 数据科学与人工智能 | J68: 工程
A69: 68 | B69: 08 | C69: 工学 | D69: 0812 | E69: 计算机科学与技术 | F69: 2022 | G69: 计算机科学与工程 | H69: 计算机科学与信息系统 | I69: 人工智能 | J69: 计算机科学
A70: 69 | B70: 08 | C70: 工学 | D70: 0813 | E70: 建筑学 | F70: 2022 | H70: 建筑学 | I70: 艺术与人文 | J70: 艺术与人文
A71: 70 | B71: 08 | C71: 工学 | D71: 0814 | E71: 土木工程 | F71: 2022 | G71: 土木工程 | H71: 土木工程 | I71: 土木工程 | J71: 工程
A72: 71 | B72: 08 | C72: 工学 | D72: 0815 | E72: 水利工程 | F72: 2022 | G72: 水资源工程 | I72: 水资源 | J72: 工程
A73: 72 | B73: 08 | C73: 工学 | D73: 0816 | E73: 测绘科学与技术 | F73: 2022 | J73: 工程
A74: 73 | B74: 08 | C74: 工学 | D74: 0817 | E74: 化学工程与技术 | F74: 2022 | G74: 化学工程 | H74: 化学工程 | I74: 化学工程 | J74: 工程
A75: 74 | B75: 08 | C75: 工学 | D75: 0818 | E75: 地质资源与地质工程 | F75: 2022 | H75: 地质学 | J75: 工程
A76: 75 | B76: 08 | C76: 工学 | D76: 0819 | E76: 矿业工程 | F76: 2022 | G76: 矿业工程 | H76: 矿物与采矿工程 | J76: 工程
A77: 76 | B77: 08 | C77: 工学 | D77: 0820 | E77: 石油与天然气工程 | F77: 2022 | H77: 石油工程学 | J77: 工程
A78: 77 | B78: 08 | C78: 工学 | D78: 0821 | E78: 纺织科学与工程 | F78: 2022 | G78: 纺织科学与工程 | J78: 工程
A79: 78 | B79: 08 | C79: 工学 | D79: 0822 | E79: 轻工技术与工程 | F79: 2022 | J79: 工程
A80: 79 | B80: 08 | C80: 工学 | D80: 0823 | E80: 交通运输工程 | F80: 2022 | G80: 交通运输工程 | J80: 工程
A81: 80 | B81: 08 | C81: 工学 | D81: 0824 | E81: 船舶与海洋工程 | F81: 2022 | G81: 船舶与海洋工程 | J81: 工程
A82: 81 | B82: 08 | C82: 工学 | D82: 0825 | E82: 航空宇航科学与技术 | F82: 2022 | G82: 航空航天工程 | J82: 工程
A83: 82 | B83: 08 | C83: 工学 | D83: 0826 | E83: 兵器科学与技术 | F83: 2022
A84: 83 | B84: 08 | C84: 工学 | D84: 0827 | E84: 核科学与技术 | F84: 2022
A85: 84 | B85: 08 | C85: 工学 | D85: 0828 | E85: 农业工程 | F85: 2022 | J85: 工程
A86: 85 | B86: 08 | C86: 工学 | D86: 0829 | E86: 林业工程 | F86: 2022 | J86: 工程
A87: 86 | B87: 08 | C87: 工学 | D87: 0830 | E87: 环境科学与工程 | F87: 2022 | G87: 环境科学与工程 | H87: 环境科学 | I87: 生态学、环境科学与工程 | J87: 工程
A88: 87 | B88: 08 | C88: 工学 | D88: 0831 | E88: 生物医学工程 | F88: 2022 | G88: 生物医学工程 | J88: 工程
A89: 88 | B89: 08 | C89: 工学 | D89: 0832 | E89: 食品科学与工程 | F89: 2022 | G89: 食品科学与工程 | I89: 食品科学与技术
A90: 89 | B90: 08 | C90: 工学 | D90: 0833 | E90: 城乡规划学 | F90: 2022 | H90: 建筑学
A91: 90 | B91: 08 | C91: 工学 | D91: 0835 | E91: 软件工程 | F91: 2022 | G91: 计算机科学与工程 | J91: 计算机科学
A92: 91 | B92: 08 | C92: 工学 | D92: 0836 | E92: 生物工程 | F92: 2022 | G92: 生物工程 | J92: 生命科学
A93: 92 | B93: 08 | C93: 工学 | D93: 0837 | E93: 安全科学与工程 | F93: 2022
A94: 93 | B94: 08 | C94: 工学 | D94: 0838 | E94: 公安技术 | F94: 2022
A95: 94 | B95: 08 | C95: 工学 | D95: 0839 | E95: 网络空间安全 | F95: 2022 | J95: 计算机科学
A96: 95 | B96: 08 | C96: 工学 | D96: 0851 | E96: 建筑 | F96: 2022
A97: 96 | B97: 08 | C97: 工学 | D97: 0853 | E97: 城乡规划 | F97: 2022
A98: 97 | B98: 08 | C98: 工学 | D98: 0854 | E98: 电子信息 | F98: 2022
A99: 98 | B99: 08 | C99: 工学 | D99: 0855 | E99: 机械 | F99: 2022
A100: 99 | B100: 08 | C100: 工学 | D100: 0856 | E100: 材料与化工 | F100: 2022
...

Sheet Sheet1
A1: 榜单名称 | B1: 榜单学科 | C1: 对应一级学科 | D1: 榜单学科 | E1: 匹对情况
A2: 软科世界一流学科排名 | B2: 数学 | C2: 数学 | D2: 数学 | E2: =VLOOKUP(B2,学科映射关系!G:G,1,FALSE) -> 数学
A3: 软科世界一流学科排名 | B3: 物理学 | C3: 物理学 | D3: 物理学 | E3: =VLOOKUP(B3,学科映射关系!G:G,1,FALSE) -> 物理学
A4: 软科世界一流学科排名 | B4: 化学 | C4: 化学 | D4: 化学 | E4: =VLOOKUP(B4,学科映射关系!G:G,1,FALSE) -> 化学
A5: 软科世界一流学科排名 | B5: 地球科学 | C5: 地球物理学、地质资源与地质工程、地质学 | D5: 地球科学 | E5: =VLOOKUP(B5,学科映射关系!G:G,1,FALSE) -> 地球科学
A6: 软科世界一流学科排名 | B6: 地理学 | C6: 地理学 | D6: 地理学 | E6: =VLOOKUP(B6,学科映射关系!G:G,1,FALSE) -> 地理学
A7: 软科世界一流学科排名 | B7: 生态学 | C7: 生态学 | D7: 生态学 | E7: =VLOOKUP(B7,学科映射关系!G:G,1,FALSE) -> 生态学
A8: 软科世界一流学科排名 | B8: 机械工程 | C8: 机械工程 | D8: 机械工程 | E8: =VLOOKUP(B8,学科映射关系!G:G,1,FALSE) -> 机械工程
A9: 软科世界一流学科排名 | B9: 电力电子工程 | C9: 电子科学与技术、电气工程 | D9: 电力电子工程 | E9: =VLOOKUP(B9,学科映射关系!G:G,1,FALSE) -> 电力电子工程
A10: 软科世界一流学科排名 | B10: 控制科学与工程 | C10: 控制科学与工程 | D10: 控制科学与工程 | E10: =VLOOKUP(B10,学科映射关系!G:G,1,FALSE) -> 控制科学与工程
A11: 软科世界一流学科排名 | B11: 通信工程 | C11: 信息与通信工程 | D11: 通信工程 | E11: =VLOOKUP(B11,学科映射关系!G:G,1,FALSE) -> 通信工程
A12: 软科世界一流学科排名 | B12: 仪器科学 | C12: 仪器科学与技术 | D12: 仪器科学 | E12: =VLOOKUP(B12,学科映射关系!G:G,1,FALSE) -> 仪器科学
A13: 软科世界一流学科排名 | B13: 生物医学工程 | C13: 生物医学工程 | D13: 生物医学工程 | E13: =VLOOKUP(B13,学科映射关系!G:G,1,FALSE) -> 生物医学工程
... A37: 软科世界一流学科排名 | B37: 护理学 | C37: 护理学 | D37: 护理学 | E37: =VLOOKUP(B37,学科映射关系!G:G,1,FALSE) -> 护理学
A38: 软科世界一流学科排名 | B38: 医学技术 | D38: 医学技术 | E38: =VLOOKUP(B38,学科映射关系!G:G,1,FALSE) -> #N/A
A39: 软科世界一流学科排名 | B39: 药学 | C39: 药学 | D39: 药学 | E39: =VLOOKUP(B39,学科映射关系!G:G,1,FALSE) -> 药学
A40: 软科世界一流学科排名 | B40: 经济学 | C40: 应用经济学、理论经济学 | D40: 经济学 | E40: =VLOOKUP(B40,学科映射关系!G:G,1,FALSE) -> 经济学
A41: 软科世界一流学科排名 | B41: 统计学 | C41: 统计学 | D41: 统计学 | E41: =VLOOKUP(B41,学科映射关系!G:G,1,FALSE) -> 统计学
A42: 软科世界一流学科排名 | B42: 法学 | C42: 法学 | D42: 法学 | E42: =VLOOKUP(B42,学科映射关系!G:G,1,FALSE) -> 法学
A43: 软科世界一流学科排名 | B43: 政治学 | C43: 政治学 | D43: 政治学 | E43: =VLOOKUP(B43,学科映射关系!G:G,1,FALSE) -> 政治学
A44: 软科世界一流学科排名 | B44: 社会学 | C44: 社会学 | D44: 社会学 | E44: =VLOOKUP(B44,学科映射关系!G:G,1,FALSE) -> 社会学
A45: 软科世界一流学科排名 | B45: 教育学 | C45: 教育学 | D45: 教育学 | E45: =VLOOKUP(B45,学科映射关系!G:G,1,FALSE) -> 教育学
A46: 软科世界一流学科排名 | B46: 新闻传播学 | C46: 新闻传播学 | D46: 新闻传播学 | E46: =VLOOKUP(B46,学科映射关系!G:G,1,FALSE) -> 新闻传播学
A47: 软科世界一流学科排名 | B47: 心理学 | C47: 心理学 | D47: 心理学 | E47: =VLOOKUP(B47,学科映射关系!G:G,1,FALSE) -> 心理学
A48: 软科世界一流学科排名 | B48: 工商管理 | C48: 工商管理学 | D48: 工商管理 | E48: =VLOOKUP(B48,学科映射关系!G:G,1,FALSE) -> 工商管理
A49: 软科世界一流学科排名 | B49: 金融学 | C49: 应用经济学 | D49: 金融学 | E49: =VLOOKUP(B49,学科映射关系!G:G,1,FALSE) -> #N/A
A50: 软科世界一流学科排名 | B50: 管理学 | C50: 管理科学与工程 | D50: 管理学 | E50: =VLOOKUP(B50,学科映射关系!G:G,1,FALSE) -> 管理学
... A56: 软科世界一流学科排名 | B56: 纺织科学与工程 | C56: 纺织科学与工程 | D56: 纺织科学与工程 | E56: =VLOOKUP(B56,学科映射关系!G:G,1,FALSE) -> 纺织科学与工程
A57: QS世界学科排名 | B57: 会计与金融 | C57: 工商管理学、应用经济学 | D57: 会计与金融 | E57: =VLOOKUP(B57,学科映射关系!H:H,1,FALSE) -> #N/A
A58: QS世界学科排名 | B58: 农学与林学 | C58: 草学、畜牧学、林学、林业工程、农业工程、农业资源与环境、水产、园艺学、植物保护、作物学 | D58: 农学与林学 | E58: =VLOOKUP(B58,学科映射关系!H:H,1,FALSE) -> #N/A
A59: QS世界学科排名 | B59: 解剖学和生理学 | C59: 基础医学 | D59: 解剖学和生理学 | E59: =VLOOKUP(B59,学科映射关系!H:H,1,FALSE) -> #N/A
A60: QS世界学科排名 | B60: 人类学 | D60: 人类学 | E60: =VLOOKUP(B60,学科映射关系!H:H,1,FALSE) -> #N/A
A61: QS世界学科排名 | B61: 考古学 | C61: 考古学 | D61: 考古学 | E61: =VLOOKUP(B61,学科映射关系!H:H,1,FALSE) -> 考古学
A62: QS世界学科排名 | B62: 建筑学 | C62: 建筑学 | D62: 建筑学 | E62: =VLOOKUP(B62,学科映射关系!H:H,1,FALSE) -> 建筑学
A63: QS世界学科排名 | B63: 艺术与设计 | C63: 艺术学、设计学 | D63: 艺术与设计 | E63: =VLOOKUP(B63,学科映射关系!H:H,1,FALSE) -> 艺术与设计
A64: QS世界学科排名 | B64: 生物科学 | C64: 生物学 | D64: 生物科学 | E64: =VLOOKUP(B64,学科映射关系!H:H,1,FALSE) -> 生物科学
A65: QS世界学科排名 | B65: 商务与管理 | C65: 工商管理学 | D65: 商务与管理 | E65: =VLOOKUP(B65,学科映射关系!H:H,1,FALSE) -> 商务与管理
A66: QS世界学科排名 | B66: 化学 | C66: 化学 | D66: 化学 | E66: =VLOOKUP(B66,学科映射关系!H:H,1,FALSE) -> #N/A
A67: QS世界学科排名 | B67: 古典文学与古代史 | C67: 世界史、外国语言文学 | D67: 古典文学与古代史 | E67: =VLOOKUP(B67,学科映射关系!H:H,1,FALSE) -> #N/A
A68: QS世界学科排名 | B68: 传播与媒体研究 | C68: 新闻传播学 | D68: 传播与媒体研究 | E68: =VLOOKUP(B68,学科映射关系!H:H,1,FALSE) -> 传播与媒体研究
A69: QS世界学科排名 | B69: 计算机科学与信息系统 | C69: 计算机科学与技术、软件工程、网络空间安全 | D69: 计算机科学与信息系统 | E69: =VLOOKUP(B69,学科映射关系!H:H,1,FALSE) -> 计算机科学与信息系统
A70: QS世界学科排名 | B70: 牙科学 | C70: 口腔医学 | D70: 牙科学 | E70: =VLOOKUP(B70,学科映射关系!H:H,1,FALSE) -> 牙科学
A71: QS世界学科排名 | B71: 发展研究 | C71: 理论经济学 | D71: 发展研究 | E71: =VLOOKUP(B71,学科映射关系!H:H,1,FALSE) -> 发展研究
A72: QS世界学科排名 | B72: 地球与海洋科学 | C72: 大气科学、海洋科学 | D72: 地球与海洋科学 | E72: =VLOOKUP(B72,学科映射关系!H:H,1,FALSE) -> 地球与海洋科学
... A102: QS世界学科排名 | B102: 统计与运筹学 | C102: 管理科学与工程、统计学 | D102: 统计与运筹学 | E102: =VLOOKUP(B102,学科映射关系!H:H,1,FALSE) -> 统计与运筹学
A103: QS世界学科排名 | B103: 神学、神学与宗教研究 | D103: 神学、神学与宗教研究 | E103: =VLOOKUP(B103,学科映射关系!H:H,1,FALSE) -> #N/A
A104: QS世界学科排名 | B104: 兽医学 | C104: 兽医学 | D104: 兽医学 | E104: =VLOOKUP(B104,学科映射关系!H:H,1,FALSE) -> 兽医学
A105: QS世界学科排名 | B105: 地球与海洋科学 | C105: 大气科学、地球物理学、地质学、地质资源与地质工程、海洋科学 | D105: 地球与海洋科学 | E105: =VLOOKUP(B105,学科映射关系!H:H,1,FALSE) -> 地球与海洋科学
A106: QS世界学科排名 | B106: 石油工程学 | C106: 石油与天然气工程 | D106: 石油工程学 | E106: =VLOOKUP(B106,学科映射关系!H:H,1,FALSE) -> 石油工程学
A107: QS世界学科排名 | B107: 地质学 | C107: 地质学 | D107: 地质学 | E107: =VLOOKUP(B107,学科映射关系!H:H,1,FALSE) -> 地质学
A108: QS世界学科排名 | B108: 地球物理学 | C108: 地球物理学 | D108: 地球物理学 | E108: =VLOOKUP(B108,学科映射关系!H:H,1,FALSE) -> 地球物理学
A109: QS世界学科排名 | B109: 机械工程 | C109: 机械工程 | D109: 机械工程 | E109: =VLOOKUP(B109,学科映射关系!H:H,1,FALSE) -> 机械工程
A110: QS世界学科排名 | B110: 数据科学 | D110: 数据科学 | E110: =VLOOKUP(B110,学科映射关系!H:H,1,FALSE) -> #N/A
A111: QS世界学科排名 | B111: 市场营销 | D111: 市场营销 | E111: =VLOOKUP(B111,学科映射关系!H:H,1,FALSE) -> #N/A
A112: QS世界学科排名 | B112: 艺术史 | C112: 艺术学 | D112: 艺术史 | E112: =VLOOKUP(B112,学科映射关系!H:H,1,FALSE) -> #N/A
A113: QS世界学科排名 | B113: 音乐学 | C113: 艺术学 | D113: 音乐学 | E113: =VLOOKUP(B113,学科映射关系!H:H,1,FALSE) -> #N/A
A114: QS世界学科排名 | B114: 数据科学与人工智能 | D114: 数据科学与人工智能 | E114: =VLOOKUP(B114,学科映射关系!H:H,1,FALSE) -> 数据科学与人工智能
A115: THE世界学科排名 | B115: 艺术与人文 | C115: 艺术学、设计学、外国语言文学、中国语言文学、中国史、世界史、哲学、建筑学、考古学 | D115: 艺术与人文 | E115: =VLOOKUP(B115,学科映射关系!G:G,1,FALSE) -> #N/A
A116: THE世界学科排名 | B116: 商业与经济 | C116: 工商管理学、应用经济学、理论经济学 | D116: 商业与经济 | E116: =VLOOKUP(B116,学科映射关系!G:G,1,FALSE) -> #N/A
A117: THE世界学科排名 | B117: 临床健康 | C117: 临床医学、护理学、口腔医学 | D117: 临床健康 | E117: =VLOOKUP(B117,学科映射关系!G:G,1,FALSE) -> #N/A
A118: THE世界学科排名 | B118: 计算机科学 | C118: 计算机科学与技术、软件工程、网络空间安全 | D118: 计算机科学 | E118: =VLOOKUP(B118,学科映射关系!G:G,1,FALSE) -> #N/A
A119: THE世界学科排名 | B119: 教育学 | C119: 教育学 | D119: 教育学 | E119: =VLOOKUP(B119,学科映射关系!G:G,1,FALSE) -> 教育学
A120: THE世界学科排名 | B120: 工程 | C120: 电气工程、机械工程、土木工程、化学工程与技术、电子科学与技术、航空宇航科学与技术、动力工程及工程热物理、信息与通信工程、控制科学与工程 | D120: 工程 | E120: =VLOOKUP(B120,学科映射关系!G:G,1,FALSE) -> #N/A
A121: THE世界学科排名 | B121: 法学 | C121: 法学 | D121: 法学 | E121: =VLOOKUP(B121,学科映射关系!G:G,1,FALSE) -> 法学
A122: THE世界学科排名 | B122: 生命科学 | C122: 生物学、生态学、兽医学、林学、作物学、园艺学、植物保护、草学、畜牧学、水产 | D122: 生命科学 | E122: =VLOOKUP(B122,学科映射关系!G:G,1,FALSE) -> #N/A
A123: THE世界学科排名 | B123: 物理学 | C123: 物理学 | D123: 物理学 | E123: =VLOOKUP(B123,学科映射关系!G:G,1,FALSE) -> 物理学
A124: THE世界学科排名 | B124: 心理学 | C124: 心理学 | D124: 心理学 | E124: =VLOOKUP(B124,学科映射关系!G:G,1,FALSE) -> 心理学
A125: THE世界学科排名 | B125: 社会科学 | C125: 社会学、新闻传播学、政治学、民族学 | D125: 社会科学 | E125: =VLOOKUP(B125,学科映射关系!G:G,1,FALSE) -> #N/A
A126: US News世界学科排名 | B126: 肿瘤学 | C126: 临床医学 | D126: 肿瘤学
A127: US News世界学科排名 | B127: 植物与动物科学 | C127: 生物学 | D127: 植物与动物科学
A128: US News世界学科排名 | B128: 艺术与人文 | C128: 设计学、外国语言文学、中国语言文学、艺术学、考古学、建筑学 | D128: 艺术与人文 | E128: =VLOOKUP(B128,学科映射关系!I:I,1,FALSE) -> 艺术与人文
A129: US News世界学科排名 | B129: 药理学与毒理学 | C129: 药学 | D129: 药理学与毒理学 | E129: =VLOOKUP(B129,学科映射关系!I:I,1,FALSE) -> 药理学与毒理学
A130: US News世界学科排名 | B130: 心脏及心血管系统 | C130: 临床医学 | D130: 心脏及心血管系统 | E130: =VLOOKUP(B130,学科映射关系!I:I,1,FALSE) -> #N/A
A131: US News世界学科排名 | B131: 细胞生物学 | C131: 生物学、基础医学 | D131: 细胞生物学 | E131: =VLOOKUP(B131,学科映射关系!I:I,1,FALSE) -> #N/A
A132: US News世界学科排名 | B132: 物理学 | C132: 物理学 | D132: 物理学
A133: US News世界学科排名 | B133: 物理化学 | C133: 化学 | D133: 物理化学 | E133: =VLOOKUP(B133,学科映射关系!I:I,1,FALSE) -> #N/A
A134: US News世界学科排名 | B134: 微生物学 | C134: 生物学 | D134: 微生物学 | E134: =VLOOKUP(B134,学科映射关系!I:I,1,FALSE) -> #N/A
A135: US News世界学科排名 | B135: 外科学 | C135: 临床医学 | D135: 外科学 | E135: =VLOOKUP(B135,学科映射关系!I:I,1,FALSE) -> #N/A
A136: US News世界学科排名 | B136: 土木工程 | C136: 土木工程 | D136: 土木工程 | E136: =VLOOKUP(B136,学科映射关系!I:I,1,FALSE) -> 土木工程
A137: US News世界学科排名 | B137: 水资源 | C137: 水利工程 | D137: 水资源 | E137: =VLOOKUP(B137,学科映射关系!I:I,1,FALSE) -> 水资源
A138: US News世界学科排名 | B138: 数学 | C138: 数学 | D138: 数学 | E138: =VLOOKUP(B138,学科映射关系!I:I,1,FALSE) -> 数学
A139: US News世界学科排名 | B139: 食品科学与技术 | C139: 食品科学与工程 | D139: 食品科学与技术 | E139: =VLOOKUP(B139,学科映射关系!I:I,1,FALSE) -> 食品科学与技术
A140: US News世界学科排名 | B140: 生物学与生物化学 | C140: 生物学 | D140: 生物学与生物化学 | E140: =VLOOKUP(B140,学科映射关系!I:I,1,FALSE) -> #N/A
A141: US News世界学科排名 | B141: 生物技术应用微生物学 | C141: 生物学 | D141: 生物技术应用微生物学 | E141: =VLOOKUP(B141,学科映射关系!I:I,1,FALSE) -> #N/A
A142: US News世界学科排名 | B142: 生态学 | C142: 生态学 | D142: 生态学 | E142: =VLOOKUP(B142,学科映射关系!I:I,1,FALSE) -> 生态学
A143: US News世界学科排名 | B143: 神经科学与行为 | D143: 神经科学与行为 | E143: =VLOOKUP(B143,学科映射关系!I:I,1,FALSE) -> #N/A
A144: US News世界学科排名 | B144: 社会科学与公共卫生 | D144: 社会科学与公共卫生 | E144: =VLOOKUP(B144,学科映射关系!I:I,1,FALSE) -> #N/A
A145: US News世界学科排名 | B145: 商业与经济 | C145: 工商管理学、应用经济学、理论经济学 | D145: 商业与经济 | E145: =VLOOKUP(B145,学科映射关系!I:I,1,FALSE) -> 商业与经济
A146: US News世界学科排名 | B146: 人工智能 | C146: 计算机科学与技术 | D146: 人工智能 | E146: =VLOOKUP(B146,学科映射关系!I:I,1,FALSE) -> 人工智能
A147: US News世界学科排名 | B147: 气象学和大气科学 | C147: 大气科学 | D147: 气象学和大气科学 | E147: =VLOOKUP(B147,学科映射关系!I:I,1,FALSE) -> 气象学和大气科学
A148: US News世界学科排名 | B148: 农业科学 | C148: 作物学、园艺学、农业资源与环境、植物保护、畜牧学、兽医学、林学、水产、草学 | D148: 农业科学
A149: US News世界学科排名 | B149: 凝聚态物理学 | C149: 物理学 | D149: 凝聚态物理学
A150: US News世界学科排名 | B150: 能源和燃料 | C150: 动力工程及工程热物理 | D150: 能源和燃料 | E150: =VLOOKUP(B150,学科映射关系!I:I,1,FALSE) -> 能源和燃料
A151: US News世界学科排名 | B151: 内分泌代谢 | C151: 临床医学 | D151: 内分泌代谢
A152: US News世界学科排名 | B152: 纳米科学与纳米技术 | C152: 纳米科学与工程 | D152: 纳米科学与纳米技术 | E152: =VLOOKUP(B152,学科映射关系!I:I,1,FALSE) -> 纳米科学与纳米技术
A153: US News世界学科排名 | B153: 免疫学 | C153: 基础医学 | D153: 免疫学
A154: US News世界学科排名 | B154: 绿色可持续科技 | D154: 绿色可持续科技
A155: US News世界学科排名 | B155: 临床医学 | C155: 临床医学 | D155: 临床医学
A156: US News世界学科排名 | B156: 空间科学 | C156: 天文学 | D156: 空间科学 | E156: =VLOOKUP(B156,学科映射关系!I:I,1,FALSE) -> 空间科学
A157: US News世界学科排名 | B157: 精神病学与心理学 | C157: 心理学 | D157: 精神病学与心理学 | E157: =VLOOKUP(B157,学科映射关系!I:I,1,FALSE) -> 精神病学与心理学
...
